commit_num,date,test_files,src_files,util_files,files_changed,insertions,deletions
1,2026-01-09,987,1489,16,541,6672,29972
43,2026-01-09,1020,1562,16,645,37722,25119
101,2026-01-12,1031,1587,16,718,65921,25909
301,2026-01-13,1056,1590,16,747,78680,25434
401,2026-01-16,1091,1590,16,785,89253,26235
501,2026-01-17,1157,1599,16,839,115618,23237
601,2026-01-22,1338,1601,19,1079,186257,24733
701,2026-01-23,1388,1601,19,1136,206976,24815
801,2026-01-25,1432,1601,19,1184,232594,25027
901,2026-01-26,1451,1601,22,1227,253130,25168
1001,2026-01-30,1602,1599,22,1382,260823,25332
1101,2026-01-31,1653,1603,23,1444,270413,25341
1201,2026-02-02,1746,1607,25,1557,288524,25411
1301,2026-02-05,1798,1610,28,1639,305349,25786
1401,2026-02-06,2227,1622,41,2109,335176,26342
1501,2026-02-08,2306,1622,42,2189,345615,26341
1601,2026-02-08,2379,1622,45,2266,364210,26353
1701,2026-02-08,2425,1622,45,2314,386163,26347
1801,2026-02-09,2440,1622,49,2334,403199,26422
1901,2026-02-09,2539,1624,53,2440,405009,26550
2001,2026-02-10,2724,1624,54,2626,423092,26594
2101,2026-02-10,2823,1624,57,2728,438709,26626
2201,2026-02-11,2992,1624,57,2897,450170,26626
2301,2026-02-11,3145,1624,58,3051,461183,26626
2401,2026-02-13,3384,1624,60,3293,478828,26616
2501,2026-02-14,3566,1626,67,3479,496445,26616
2601,2026-02-14,3822,1626,91,3759,517103,26616
2701,2026-02-16,3884,1638,97,3692,525965,21440
2801,2026-02-17,3916,1645,99,3521,534428,11008
2901,2026-02-18,4163,1655,101,3777,566769,11008
2968,2026-02-20,4229,1656,101,3846,580430,10985
